{
    "name": "drumjs",
    "title": "DrumJS",
    "description": "jQuery plugin for a 3d animated value selector.",
    "keywords": [
        "selector",
        "picker"
    ],
    "version": "0.1.2",
    "author": {
        "name": "Marcel Bretschneider, Matthias Mohr",
        "url": "https://github.com/3epnm/drumjs/blob/master/AUTHORS"
    },
    "maintainers": [
        {
            "name": "Marcel Bretschneider",
            "email": "marcel.bretschneider@gmail.com",
            "url": "https://mb.aquarius.uberspace.de"
        }
    ],
    "licenses": [
        {
            "type": "MIT",
            "url": "https://github.com/3epnm/drumjs/blob/master/LICENSE"
        }
    ],
    "bugs": "https://github.com/3epnm/drumjs/issues",
    "homepage": "https://github.com/3epnm/drumjs",
    "docs": "https://github.com/3epnm/drumjs",
    "download": "http://code.jquery.com/#drumjs",
    "dependencies": {
        "jquery": ">=1.9",
        "hammerjs": ">=1.0.6dev"
    }
}